Fold,Accuracy,Precision,Recall,F1,TrainTime_s,PredTime_s
1,0.697594501718213,0.7144641261757,0.7208614341085271,0.6958911898419369,20.44105315208435,0.8151440620422363
